{
    "keep": {
        "days": true,
        "amount": 14
    },
    "auditLog": "F:\\Abhi Project\\DSY\\weddingwire\\old\\Server\\logs\\.1ff32bc960db46dbd5ed6d400a0a2c6e55d1b360-audit.json",
    "files": [
        {
            "date": 1752034732658,
            "name": "F:\\Abhi Project\\DSY\\weddingwire\\old\\Server\\logs\\combined-2025-07-09.log",
            "hash": "02dc30dc6e3b4639fc4158e942b633e4aba35119a0e29f31112449e49b131137"
        },
        {
            "date": 1752122473074,
            "name": "F:\\Abhi Project\\DSY\\weddingwire\\old\\Server\\logs\\combined-2025-07-10.log",
            "hash": "4c0ddd95628dcc10c78d8684c25988f4f64eeebd87a74a1dbc68c1900d1a8f77"
        },
        {
            "date": 1752208655610,
            "name": "F:\\Abhi Project\\DSY\\weddingwire\\old\\Server\\logs\\combined-2025-07-11.log",
            "hash": "7dab67099ef67f45ba93d3b3f8110e0086bf8b84c81e95d6a829c2c1b910a196"
        },
        {
            "date": 1752468557568,
            "name": "F:\\Abhi Project\\DSY\\weddingwire\\old\\Server\\logs\\combined-2025-07-14.log",
            "hash": "674532ed4102d7430082a6e203c0983448873a5c0beace48a8852b863b7bf6c2"
        },
        {
            "date": 1752554146050,
            "name": "F:\\Abhi Project\\DSY\\weddingwire\\old\\Server\\logs\\combined-2025-07-15.log",
            "hash": "cd69409cc6d3069be388f848e4de1e7c06050c8213c03065bb6afb73f7f1c6d3"
        },
        {
            "date": 1752614930482,
            "name": "F:\\Abhi Project\\DSY\\weddingwire\\old\\Server\\logs\\combined-2025-07-16.log",
            "hash": "528fa5e3584189bea5779ed40c240a129f4244fc21c7de14dd0a2934ba07caac"
        },
        {
            "date": 1752690656144,
            "name": "F:\\Abhi Project\\DSY\\weddingwire\\old\\Server\\logs\\combined-2025-07-17.log",
            "hash": "596c61cc1c04e25e843c6a8840053205fc8b0edfdd5259397e1bd1c4d528d154"
        },
        {
            "date": 1752814065530,
            "name": "F:\\Abhi Project\\DSY\\weddingwire\\old\\Server\\logs\\combined-2025-07-18.log",
            "hash": "972e2162ecfca09777b0085690db697fccc87d651f0edebdae8d2a468c0a8a5c"
        },
        {
            "date": 1752905482359,
            "name": "F:\\Abhi Project\\DSY\\weddingwire\\old\\Server\\logs\\combined-2025-07-19.log",
            "hash": "0f2f3eed2450e5b2b3d35bedc74e5af16f2a1935407f277f3f78f1bc088423ae"
        },
        {
            "date": 1753016207907,
            "name": "F:\\Abhi Project\\DSY\\weddingwire\\old\\Server\\logs\\combined-2025-07-20.log",
            "hash": "bc5f61ae6d24053cddd5f89bd83d4ffb4feac9ac3e00678507ea05b0164b74b5"
        },
        {
            "date": 1753070690330,
            "name": "F:\\Abhi Project\\DSY\\weddingwire\\old\\Server\\logs\\combined-2025-07-21.log",
            "hash": "1a8d48de12771de2a0f1962d964f87bd12549be064221917c8866249480dfa57"
        },
        {
            "date": 1753158047866,
            "name": "F:\\Abhi Project\\DSY\\weddingwire\\old\\Server\\logs\\combined-2025-07-22.log",
            "hash": "dc1a21b7d8114ae7aa0c22645c2760614a9e3e1537fd0eacaeba8d04c45f3eda"
        }
    ],
    "hashType": "sha256"
}