{
    "keep": {
        "days": true,
        "amount": 14
    },
    "auditLog": "F:\\Abhi Project\\DSY\\weddingwire\\old\\Server\\logs\\.3badc62bf7611665e465f3ffc9245e5c4fa369f3-audit.json",
    "files": [
        {
            "date": 1752034732656,
            "name": "F:\\Abhi Project\\DSY\\weddingwire\\old\\Server\\logs\\error-2025-07-09.log",
            "hash": "7a1adfb1dbd927da9bbfa41b1b7da8bbfbf2cc8c26b988f1847c8114c4aa3f7e"
        },
        {
            "date": 1752122473072,
            "name": "F:\\Abhi Project\\DSY\\weddingwire\\old\\Server\\logs\\error-2025-07-10.log",
            "hash": "5fedf2a09558e4f29bd5b3a004f404338efdd3b89e089f65c1c54193e4bd68e6"
        },
        {
            "date": 1752208655605,
            "name": "F:\\Abhi Project\\DSY\\weddingwire\\old\\Server\\logs\\error-2025-07-11.log",
            "hash": "5360e6c2d3b60585af9eddcb0da5cffc2be84832b4ddcf481f55d946a164d80f"
        },
        {
            "date": 1752468557566,
            "name": "F:\\Abhi Project\\DSY\\weddingwire\\old\\Server\\logs\\error-2025-07-14.log",
            "hash": "faa793eb31f43564ea102859467690a55d8b0224c9dd73d7be652c63dddf8f8a"
        },
        {
            "date": 1752554146048,
            "name": "F:\\Abhi Project\\DSY\\weddingwire\\old\\Server\\logs\\error-2025-07-15.log",
            "hash": "107f99bea2b42ecaaad7f68a05cd3bae2239254371d129d2f3f51f653e436b84"
        },
        {
            "date": 1752614930478,
            "name": "F:\\Abhi Project\\DSY\\weddingwire\\old\\Server\\logs\\error-2025-07-16.log",
            "hash": "7e32642d9b0f40539d870b706152087eacd670a67a3d7877e6a9b2275dc186e7"
        },
        {
            "date": 1752690656139,
            "name": "F:\\Abhi Project\\DSY\\weddingwire\\old\\Server\\logs\\error-2025-07-17.log",
            "hash": "bb46c9547e2e42789d586b9e8875e7e283178bb3b92ea814bd60ddec8c6595c9"
        },
        {
            "date": 1752814065528,
            "name": "F:\\Abhi Project\\DSY\\weddingwire\\old\\Server\\logs\\error-2025-07-18.log",
            "hash": "5abd6857143d0d5dada75e8a83e401b30048446db8465d33fda59dae44e066b1"
        },
        {
            "date": 1752905482354,
            "name": "F:\\Abhi Project\\DSY\\weddingwire\\old\\Server\\logs\\error-2025-07-19.log",
            "hash": "1d6c139f73f8f3622431d6eb263981c4f03a729f79ce3892fb5e052d733933df"
        },
        {
            "date": 1753029288838,
            "name": "F:\\Abhi Project\\DSY\\weddingwire\\old\\Server\\logs\\error-2025-07-20.log",
            "hash": "88c315ccffaddcf9b7630cf9625aa18dea50779928f7de2212e8edd6e8ae90e8"
        },
        {
            "date": 1753070690328,
            "name": "F:\\Abhi Project\\DSY\\weddingwire\\old\\Server\\logs\\error-2025-07-21.log",
            "hash": "0b64f1ccda82c42fb33978daa0e35b93829b389a6e578551de07cb278bc0dce9"
        },
        {
            "date": 1753158047862,
            "name": "F:\\Abhi Project\\DSY\\weddingwire\\old\\Server\\logs\\error-2025-07-22.log",
            "hash": "be3ec0895c23fb2d0471489ca8d232ab3f0a2d79142fede0c55a57d8736fd477"
        }
    ],
    "hashType": "sha256"
}