{
    "keep": {
        "days": true,
        "amount": 14
    },
    "auditLog": "C:\\Users\\navneet\\Desktop\\mybestvenue\\server\\logs\\.52fba80c683e141c35335bcd3a543c6c9a19c377-audit.json",
    "files": [
        {
            "date": 1751474108363,
            "name": "C:\\Users\\navneet\\Desktop\\mybestvenue\\server\\logs\\combined-2025-07-02.log",
            "hash": "f2c33163cdb6d34e30b6fd17ff1a3ff3f2fc45082d5871259b90147674df04cb"
        },
        {
            "date": 1751517344938,
            "name": "C:\\Users\\navneet\\Desktop\\mybestvenue\\server\\logs\\combined-2025-07-03.log",
            "hash": "dbf849d08dddfd5252e43870619b043ea5e9f7580a2182951e768b3bc0c38bd5"
        },
        {
            "date": 1751605133146,
            "name": "C:\\Users\\navneet\\Desktop\\mybestvenue\\server\\logs\\combined-2025-07-04.log",
            "hash": "e9b89104bb5f69e743d3cb6b8ab681a10da9b37753f72a57ffcf3fb5cbfcb440"
        }
    ],
    "hashType": "sha256"
}