{
    "keep": {
        "days": true,
        "amount": 14
    },
    "auditLog": "F:\\Abhi Project\\DSY\\weddingwire\\new\\server\\logs\\.665d0c5b6738234af9a22bcf0693ef30cfbf8671-audit.json",
    "files": [
        {
            "date": 1751308366552,
            "name": "F:\\Abhi Project\\DSY\\weddingwire\\new\\server\\logs\\combined-2025-07-01.log",
            "hash": "e26eea69ac3e28c49474d8e4c9b3584bb27d6e5f1d07101d2a13a230233c226a"
        },
        {
            "date": 1751430962632,
            "name": "F:\\Abhi Project\\DSY\\weddingwire\\new\\server\\logs\\combined-2025-07-02.log",
            "hash": "c54b13bd6bdf0c52e76d6ddb84bdcda2b21fa69cab5d833aef2958259aee412c"
        }
    ],
    "hashType": "sha256"
}